Date,Price,Open,High,Low,Vol.,Change %
29-Dec-22,15.7001,15.1202,16.0497,14.8901,905.33K,3.83%
28-Dec-22,15.1202,15.8698,15.8905,14.9698,713.80K,-4.72%
27-Dec-22,15.8698,16.2514,16.3204,15.5924,365.04K,-2.40%
26-Dec-22,16.2607,16.2001,16.3097,16.0204,348.04K,0.37%
25-Dec-22,16.2001,16.451,16.4897,15.8602,420.72K,-1.53%
24-Dec-22,16.451,16.3999,16.4899,16.3407,210.27K,0.31%
23-Dec-22,16.3999,16.4803,16.5197,16.2521,462.74K,-0.49%
22-Dec-22,16.4803,16.6396,16.7589,15.8601,703.44K,-0.96%
21-Dec-22,16.6396,15.9301,16.6791,15.5399,926.92K,4.45%
20-Dec-22,15.9301,15.1899,16.0598,15.1003,565.09K,4.87%
19-Dec-22,15.1899,15.9398,16.1699,14.7626,756.50K,-4.70%
18-Dec-22,15.9398,16.1994,16.2394,15.7706,424.54K,-1.60%
17-Dec-22,16.1994,15.9207,16.2786,15.7701,813.98K,1.75%
16-Dec-22,15.9207,18.1896,18.3496,15.6397,969.61K,-12.47%
15-Dec-22,18.1896,18.7516,18.8701,17.9897,515.50K,-3.00%
14-Dec-22,18.7516,19.2605,19.4697,18.7299,624.78K,-2.69%
13-Dec-22,19.2697,18.5501,19.728,17.9195,987.79K,3.88%
12-Dec-22,18.5501,18.8896,18.9109,18.0604,594.90K,-1.80%
11-Dec-22,18.8896,19.1496,19.42,18.8085,335.12K,-1.36%
10-Dec-22,19.1496,19.1587,19.34,19.0197,347.77K,-0.05%
9-Dec-22,19.1587,19.1798,19.4301,18.9804,475.42K,-0.11%
8-Dec-22,19.1798,18.713,19.2587,18.5423,449.33K,2.49%
7-Dec-22,18.713,19.5598,19.6305,18.5708,544.27K,-4.33%
6-Dec-22,19.5598,19.4403,19.5676,19.2298,370.10K,0.61%
5-Dec-22,19.4403,19.49,20.2099,19.1718,754.64K,-0.26%
4-Dec-22,19.49,19.2298,19.5801,19.2101,430.60K,1.41%
3-Dec-22,19.22,19.8603,19.9195,19.14,427.19K,-3.22%
2-Dec-22,19.8603,19.7497,19.8998,19.3112,509.90K,0.56%
1-Dec-22,19.7497,20.2813,20.3006,19.659,589.24K,-2.62%
30-Nov-22,20.2813,19.5103,20.4776,19.4717,1.03M,3.90%
29-Nov-22,19.5195,19.3302,19.8196,19.1295,521.82K,0.98%
28-Nov-22,19.3302,19.8133,19.8888,18.4467,1.38M,-2.44%
27-Nov-22,19.8133,19.8596,20.3697,19.7513,783.94K,-0.23%
26-Nov-22,19.8596,20.0804,20.9274,19.7471,774.62K,-1.10%
25-Nov-22,20.0804,20.2122,20.585,19.6593,790.72K,-0.65%
24-Nov-22,20.2122,20.3603,20.7607,19.9437,1.41M,-0.73%
23-Nov-22,20.3603,18.479,20.4197,18.2412,1.95M,10.18%
22-Nov-22,18.479,18.0357,18.6252,17.5396,1.00M,2.46%
21-Nov-22,18.0357,18.17,18.2508,17.2224,1.18M,-0.74%
20-Nov-22,18.17,19.5103,19.7189,18.0717,763.74K,-6.87%
19-Nov-22,19.5103,19.32,19.6873,19.27,748.56K,0.26%
18-Nov-22,19.4595,19.6005,19.9079,19.3002,705.32K,-0.41%
17-Nov-22,19.5388,19.7292,20.0294,19.195,739.23K,-0.97%
16-Nov-22,19.7292,20.561,20.6518,19.5638,840.65K,-4.05%
15-Nov-22,20.561,20.4556,20.8889,20.2204,981.94K,0.52%
14-Nov-22,20.4556,19.8919,20.7,18.8387,1.88M,2.83%
13-Nov-22,19.8919,20.4806,20.9187,19.5337,982.58K,-2.87%
12-Nov-22,20.4806,21.55,21.56,20.2094,801.83K,-4.96%
11-Nov-22,21.55,21.9999,22.2498,20.4517,1.99M,-2.05%
10-Nov-22,21.9999,18.3008,22.7999,18.1389,3.84M,20.21%
9-Nov-22,18.3008,21.8692,22.108,17.7607,3.99M,-16.32%
8-Nov-22,21.8692,25.0298,25.268,19.8852,4.60M,-12.63%
7-Nov-22,25.0298,24.8396,25.6805,24.4235,1.35M,0.77%
6-Nov-22,24.8396,26.5205,27.1948,24.7358,1.62M,-6.34%
5-Nov-22,26.5205,25.7596,26.9354,25.618,2.07M,2.95%
4-Nov-22,25.7596,24.0199,26.0108,23.9111,2.32M,7.24%
3-Nov-22,24.0199,22.9389,24.8213,22.8781,1.63M,4.71%
2-Nov-22,22.9389,24.0389,24.47,22.351,2.59M,-4.58%
1-Nov-22,24.0389,24.2588,24.5934,23.8904,849.57K,-0.91%
31-Oct-22,24.2588,24.5093,24.9507,23.8043,1.33M,-1.02%
30-Oct-22,24.5093,25.8799,25.9198,24.2562,1.31M,-5.30%
29-Oct-22,25.8799,25.4806,26.8394,25.3101,2.34M,1.57%
28-Oct-22,25.4798,24.7503,25.6993,24.1706,1.84M,2.95%
27-Oct-22,24.7504,25.4905,25.7873,24.6831,2.28M,-2.90%
26-Oct-22,25.4905,24.6701,26.2006,24.4886,3.52M,3.33%
25-Oct-22,24.6701,22.6592,25.7692,22.3511,2.80M,8.87%
24-Oct-22,22.6603,23.4395,23.5388,22.3494,1.11M,-3.32%
23-Oct-22,23.4395,23.2291,23.6691,22.7001,1.42M,0.91%
22-Oct-22,23.2291,22.0313,23.3892,21.6992,1.42M,5.44%
21-Oct-22,22.0313,21.6701,22.1108,20.8728,1.32M,1.66%
20-Oct-22,21.6715,22.359,22.8684,21.4484,1.13M,-3.07%
19-Oct-22,22.359,23.4098,23.4783,22.2395,867.91K,-4.49%
18-Oct-22,23.4098,23.8299,24.1322,22.8887,1.13M,-1.76%
17-Oct-22,23.8299,23.1118,23.9597,22.9201,864.24K,3.11%
16-Oct-22,23.1118,22.7789,23.3897,22.7426,745.24K,1.51%
15-Oct-22,22.7691,23.148,23.2699,22.546,764.56K,-1.64%
14-Oct-22,23.1496,22.9796,24.4824,22.8393,2.06M,0.74%
13-Oct-22,22.9796,23.7895,23.919,20.8471,4.35M,-3.40%
12-Oct-22,23.7895,23.749,24.4284,23.5719,948.56K,0.21%
11-Oct-22,23.74,24.2278,24.2677,23.6068,1.39M,-1.75%
10-Oct-22,24.164,26.9603,27.1504,23.7366,2.36M,-10.37%
9-Oct-22,26.9603,26.9691,27.1689,26.7871,472.89K,-0.03%
8-Oct-22,26.9691,27.5008,27.6101,26.7226,480.76K,-1.93%
7-Oct-22,27.5008,27.8401,27.8695,27.1497,997.20K,-1.22%
6-Oct-22,27.8401,27.6294,28.9382,27.6294,1.72M,0.76%
5-Oct-22,27.6294,27.8992,27.981,27.1786,646.95K,-0.97%
4-Oct-22,27.8992,27.4306,28.0793,27.2902,1.02M,1.71%
3-Oct-22,27.4306,26.932,27.6004,26.6167,1.00M,1.86%
2-Oct-22,26.9305,27.5408,27.7511,26.7945,846.07K,-2.22%
1-Oct-22,27.5408,27.741,27.8811,27.3099,489.01K,-0.72%
30-Sep-22,27.741,27.8088,28.2783,27.4182,1.40M,-0.24%
29-Sep-22,27.8088,27.6298,28.2188,27.1003,1.44M,0.65%
28-Sep-22,27.6295,28.1095,28.2603,26.6715,2.04M,-1.71%
27-Sep-22,28.1095,28.4873,30.097,27.6114,3.15M,-1.33%
26-Sep-22,28.4873,28.3684,28.5584,27.548,1.52M,0.42%
25-Sep-22,28.3684,28.6801,29.4884,27.9939,1.53M,-1.09%
24-Sep-22,28.6801,28.9177,29.5047,28.3508,1.79M,-0.82%
23-Sep-22,28.9177,28.6213,29.4628,27.2605,2.44M,1.04%
22-Sep-22,28.6213,27.7628,28.8993,27.6403,2.06M,3.09%
21-Sep-22,27.7628,29.1182,30.6556,27.0213,4.15M,-4.65%
20-Sep-22,29.1182,30.3595,30.5283,28.7599,2.68M,-4.09%
19-Sep-22,30.3595,29.5201,30.8478,27.6084,4.85M,2.85%
18-Sep-22,29.5196,34.4268,34.4275,29.3118,3.11M,-14.25%
17-Sep-22,34.4268,34.088,34.8705,33.5492,1.77M,0.99%
16-Sep-22,34.088,35.6808,35.782,32.865,5.83M,-4.46%
15-Sep-22,35.6808,39.2117,39.516,35.4102,12.02M,-9.00%
14-Sep-22,39.2089,35.2935,39.7303,35.0824,5.87M,11.07%
13-Sep-22,35.3009,38.4401,38.9024,34.7779,4.84M,-8.17%
12-Sep-22,38.4401,38.5274,40.5081,37.1632,4.74M,-0.08%
11-Sep-22,38.4727,39.2493,39.4201,37.6942,2.18M,-1.96%
10-Sep-22,39.2401,39.1807,40.3035,38.0416,3.38M,0.15%
9-Sep-22,39.1807,37.0735,39.9809,36.6489,6.16M,5.68%
8-Sep-22,37.0735,37.2691,37.7585,35.5413,5.48M,-0.53%
7-Sep-22,37.2703,34.3829,37.96,33.1579,10.28M,8.41%
6-Sep-22,34.3784,39.5638,42.0682,34.3615,15.25M,-13.11%
5-Sep-22,39.5638,32.4601,39.8408,31.5996,7.55M,21.88%
4-Sep-22,32.4604,32.2296,32.4991,31.5711,1.06M,0.72%
3-Sep-22,32.2296,32.4405,32.6804,31.9895,860.56K,-0.65%
2-Sep-22,32.4405,32.9006,33.8775,31.8913,2.50M,-1.40%
1-Sep-22,32.9006,32.4293,32.9496,31.0669,2.12M,1.45%
31-Aug-22,32.4293,32.3095,33.7069,31.8981,2.65M,0.37%
30-Aug-22,32.3095,33.5403,34.3401,31.4801,3.40M,-3.67%
29-Aug-22,33.5403,30.9411,33.7301,30.4248,3.72M,8.82%
28-Aug-22,30.8208,33.0008,33.3424,30.6253,2.64M,-6.61%
27-Aug-22,33.0008,33.8821,34.3905,32.0376,4.08M,-2.60%
26-Aug-22,33.8821,37.101,38.238,33.5713,6.36M,-8.68%
25-Aug-22,37.101,35.2912,38.0694,35.2233,4.54M,5.07%
24-Aug-22,35.3099,34.3202,36.8007,32.9219,3.72M,2.86%
23-Aug-22,34.3292,34.0988,34.6883,32.2968,3.14M,0.68%
22-Aug-22,34.0988,33.6202,34.102,31.2995,3.32M,1.42%
21-Aug-22,33.6202,32.7868,34.1481,32.1598,3.23M,2.53%
20-Aug-22,32.7902,32.9677,34.5483,31.2604,5.20M,-0.54%
19-Aug-22,32.9677,39.5602,39.6214,32.5182,11.22M,-16.66%
18-Aug-22,39.5602,40.2981,41.8201,39.1855,4.11M,-1.84%
17-Aug-22,40.3002,39.8901,42.5189,38.8696,4.71M,1.03%
16-Aug-22,39.8901,41.9495,42.2675,39.4514,2.75M,-4.90%
15-Aug-22,41.9472,41.5293,43.5316,40.2683,3.99M,1.01%
14-Aug-22,41.5293,43.5474,44.2449,40.6027,4.75M,-4.61%
13-Aug-22,43.5383,43.3682,45.5607,42.8615,4.40M,0.39%
12-Aug-22,43.3682,42.0903,43.7315,41.1506,5.97M,3.02%
11-Aug-22,42.0973,38.8215,44.3318,38.25,10.75M,8.44%
10-Aug-22,38.8215,36.4112,39.4771,36.1818,7.03M,6.63%
9-Aug-22,36.407,38.0689,38.2302,35.558,3.46M,-4.37%
8-Aug-22,38.0689,37.7179,39.6633,36.9253,5.07M,0.93%
7-Aug-22,37.7179,37.7841,38.5593,36.7824,2.80M,-0.18%
6-Aug-22,37.7841,38.2925,39.4057,37.3498,3.72M,-1.33%
5-Aug-22,38.2925,34.7714,38.5428,34.6915,5.79M,10.13%
4-Aug-22,34.7714,35.95,37.0231,34.1297,4.49M,-3.28%
3-Aug-22,35.95,36.5412,38.4727,35.2678,6.73M,-1.62%
2-Aug-22,36.5412,34.9333,38.6685,32.2283,10.92M,4.60%
1-Aug-22,34.9333,36.3717,37.5726,33.7203,6.72M,-3.95%
31-Jul-22,36.3717,39.2548,41.4137,35.9744,6.73M,-7.31%
30-Jul-22,39.2401,40.2967,41.7919,38.4669,7.89M,-2.62%
29-Jul-22,40.2967,40.7601,45.2519,37.6722,18.85M,-1.13%
28-Jul-22,40.7572,32.8882,42.2096,32.0391,17.17M,23.93%
27-Jul-22,32.8882,25.1491,33.0873,24.9584,10.99M,30.77%
26-Jul-22,25.1491,23.2145,25.1883,22.9694,4.35M,8.33%
25-Jul-22,23.2145,25.5414,25.7623,23.1797,4.74M,-9.12%
24-Jul-22,25.5433,25.5543,26.5774,25.3235,4.17M,-0.04%
23-Jul-22,25.5543,24.8722,27.9876,24.6217,7.07M,2.75%
22-Jul-22,24.8694,26.1904,26.8437,24.1304,5.55M,-5.04%
21-Jul-22,26.1904,23.3026,26.2965,22.1976,5.23M,12.39%
20-Jul-22,23.3026,25.2007,25.8489,23.1198,6.27M,-7.53%
19-Jul-22,25.2007,25.289,27.7627,24.261,11.08M,-0.35%
18-Jul-22,25.289,19.2305,25.516,19.2305,10.39M,31.51%
17-Jul-22,19.2305,17.3052,20.478,16.8587,7.45M,11.13%
16-Jul-22,17.3052,15.051,17.4789,14.6491,1.73M,14.98%
15-Jul-22,15.051,14.7294,15.3401,14.5599,700.55K,2.18%
14-Jul-22,14.7294,14.4281,14.7901,13.9326,648.57K,2.09%
13-Jul-22,14.4281,13.8405,14.4281,13.378,858.13K,4.25%
12-Jul-22,13.8405,14.2004,14.3692,13.8095,526.54K,-2.53%
11-Jul-22,14.2004,15.121,15.1211,14.1297,459.85K,-6.09%
10-Jul-22,15.121,15.8482,15.8582,14.9897,559.36K,-4.59%
9-Jul-22,15.8482,15.5799,16.0086,15.5694,477.07K,1.72%
8-Jul-22,15.5799,15.9192,16.336,15.4102,696.38K,-2.13%
7-Jul-22,15.9192,15.2191,16.0191,15.0901,554.37K,4.60%
6-Jul-22,15.2191,14.9395,15.3495,14.7393,545.35K,1.87%
5-Jul-22,14.9395,15.399,15.4823,14.4395,699.91K,-2.98%
4-Jul-22,15.399,14.8105,15.4383,14.4111,582.34K,3.97%
3-Jul-22,14.8105,14.7691,14.9999,14.3513,426.94K,0.28%
2-Jul-22,14.7691,14.6304,14.9473,14.2993,456.28K,0.95%
1-Jul-22,14.6304,14.9922,15.3677,14.3099,865.13K,-2.39%
30-Jun-22,14.9892,15.2189,15.2906,14.1525,833.60K,-1.51%
29-Jun-22,15.2189,15.4384,15.6897,14.9404,829.19K,-1.42%
28-Jun-22,15.4384,16.511,16.8027,15.3284,949.92K,-6.50%
27-Jun-22,16.511,16.6804,17.5108,16.1695,1.62M,-1.02%
26-Jun-22,16.6804,16.5599,17.8214,16.0689,1.47M,0.73%
25-Jun-22,16.5599,16.4227,16.6824,15.7991,744.43K,0.84%
24-Jun-22,16.4227,15.9305,16.819,15.8707,1.11M,3.09%
23-Jun-22,15.9305,15.1903,16.0504,15.1306,735.87K,4.87%
22-Jun-22,15.1903,16.1399,16.1603,15.06,1.18M,-5.87%
21-Jun-22,16.1378,16.2506,16.9528,15.8228,1.23M,-0.69%
20-Jun-22,16.2506,15.3686,16.5416,14.5681,1.76M,5.74%
19-Jun-22,15.3686,13.6751,15.542,13.279,1.78M,12.38%
18-Jun-22,13.6751,14.354,14.5819,12.4816,1.81M,-4.73%
17-Jun-22,14.354,13.816,14.58,13.73,956.32K,3.89%
16-Jun-22,13.816,15.8686,16.0385,13.6,1.64M,-12.94%
15-Jun-22,15.8691,14.6107,16.0391,12.9427,3.31M,8.61%
14-Jun-22,14.6107,14.443,15.0924,13.1242,2.77M,1.16%
13-Jun-22,14.443,16.5661,16.865,13.9936,3.31M,-12.86%
12-Jun-22,16.5737,18.2028,18.3954,16.5737,1.43M,-8.95%
11-Jun-22,18.2028,19.9965,20.3862,17.9227,1.05M,-8.97%
10-Jun-22,19.9965,21.1698,21.3136,19.8984,844.75K,-5.54%
9-Jun-22,21.1698,21.2949,21.6509,20.9884,390.58K,-0.59%
8-Jun-22,21.2949,21.5509,21.8092,21.03,525.48K,-1.19%
7-Jun-22,21.5509,22.5311,22.5311,20.8955,1.04M,-4.35%
6-Jun-22,22.5311,21.8296,23.39,21.7718,942.05K,3.21%
5-Jun-22,21.8296,21.99,22.1794,21.6891,306.55K,-0.73%
4-Jun-22,21.99,21.84,22.0508,21.5504,430.55K,0.69%
3-Jun-22,21.84,22.4304,22.6395,21.2908,622.78K,-2.63%
2-Jun-22,22.4304,21.9928,22.5117,21.6223,690.85K,1.99%
1-Jun-22,21.9928,23.7664,24.1801,21.5632,1.31M,-7.46%
31-May-22,23.7664,24.8296,25.1301,23.0047,1.88M,-4.28%
30-May-22,24.8296,23.6701,24.9835,23.4503,1.43M,4.90%
29-May-22,23.6701,22.7435,23.8069,22.2019,947.07K,4.07%
28-May-22,22.7435,22.445,23.0677,22.3556,1.23M,1.33%
27-May-22,22.445,21.9001,23.371,21.5246,3.09M,2.49%
26-May-22,21.8997,23.7297,23.9135,20.8606,2.25M,-7.71%
25-May-22,23.7297,24.218,25.6374,23.5208,3.01M,-2.02%
24-May-22,24.218,21.8518,24.4284,21.0582,2.71M,11.01%
23-May-22,21.8151,21.0907,24.122,20.67,2.48M,3.44%
22-May-22,21.0907,20.359,21.2309,20.1606,468.85K,3.59%
21-May-22,20.359,20.1776,20.5385,19.8984,298.39K,0.90%
20-May-22,20.1776,20.8906,21.1697,19.7482,670.19K,-3.41%
19-May-22,20.8906,19.7988,21.0188,19.4503,745.32K,5.66%
18-May-22,19.7709,21.7705,21.9592,19.7598,699.59K,-9.18%
17-May-22,21.7705,20.8992,21.8292,20.6816,726.37K,4.17%
16-May-22,20.8992,22.13,22.6786,20.3611,1.26M,-5.56%
15-May-22,22.13,21.0704,22.1562,20.4213,677.20K,5.03%
14-May-22,21.0704,20.4813,21.3468,19.5712,1.14M,2.88%
13-May-22,20.4813,18.8832,21.7789,18.7085,1.73M,8.46%
12-May-22,18.8832,19.9213,20.7805,16.0754,3.99M,-5.21%
11-May-22,19.9213,23.8892,24.3988,18.6693,5.11M,-16.55%
10-May-22,23.8711,22.6907,25.5214,22.0565,2.61M,5.08%
9-May-22,22.7179,26.4999,27.211,22.5008,2.76M,-14.27%
8-May-22,26.4999,26.8579,27.21,26.1545,1.35M,-1.33%
7-May-22,26.8579,27.9505,27.9832,26.2728,1.21M,-3.91%
6-May-22,27.9505,28.3013,28.6312,27.0305,2.05M,-1.24%
5-May-22,28.3013,30.6574,32.6487,27.67,3.93M,-7.70%
4-May-22,30.6625,26.8406,30.7731,26.835,1.46M,14.24%
3-May-22,26.8406,27.4116,28.0177,26.4969,675.80K,-2.08%
2-May-22,27.4116,27.6468,28.3285,26.6167,955.15K,-0.91%
1-May-22,27.662,25.9531,27.9988,25.813,1.58M,6.58%
30-Apr-22,25.9531,29.1744,29.6029,24.5731,1.66M,-11.04%
29-Apr-22,29.1744,31.1214,31.4396,28.7147,1.16M,-6.26%
28-Apr-22,31.1214,31.276,31.7638,30.4298,1.07M,-0.50%
27-Apr-22,31.2772,30.695,31.6588,30.259,878.55K,1.90%
26-Apr-22,30.695,33.6508,33.9098,29.9429,1.37M,-8.74%
25-Apr-22,33.6347,33.6359,34.0856,31.4456,2.10M,-0.10%
24-Apr-22,33.669,34.5423,34.8588,33.5423,1.22M,-2.55%
23-Apr-22,34.55,35.5353,35.7046,34.4397,640.99K,-2.77%
22-Apr-22,35.5353,34.894,35.8257,34.5613,1.35M,1.84%
21-Apr-22,34.8949,36.521,37.7998,34.3576,1.82M,-4.45%
20-Apr-22,36.5198,37.8248,38.1107,36.0157,1.67M,-3.45%
19-Apr-22,37.8248,36.8838,37.9026,36.1972,1.50M,2.53%
18-Apr-22,36.8922,36.6015,37.0563,34.5891,1.84M,0.79%
17-Apr-22,36.6015,38.1438,38.4644,36.4835,1.12M,-4.04%
16-Apr-22,38.1438,37.3911,38.7136,37.0374,1.44M,2.00%
15-Apr-22,37.395,37.057,37.6198,36.6393,942.91K,0.91%
14-Apr-22,37.057,38.5725,39.1214,36.4221,1.51M,-3.82%
13-Apr-22,38.5307,38.1151,38.7823,36.7285,1.85M,1.16%
12-Apr-22,38.0897,36.9736,39.0657,36.4874,2.80M,3.04%
11-Apr-22,36.9675,40.3079,40.526,35.9438,3.51M,-8.29%
10-Apr-22,40.3079,41.9305,42.6048,40.23,1.67M,-3.87%
9-Apr-22,41.9305,40.4907,42.9474,40.4242,2.36M,3.53%
8-Apr-22,40.4993,43.4469,44.0177,39.8262,3.34M,-6.85%
7-Apr-22,43.4777,38.4511,44.6777,38.1201,5.38M,13.06%
6-Apr-22,38.4547,44.3945,44.5528,38.2102,4.58M,-13.39%
5-Apr-22,44.3979,46.7596,46.9312,44.2516,2.21M,-5.05%
4-Apr-22,46.7596,46.708,48.5865,44.5984,4.37M,0.17%
3-Apr-22,46.6811,45.4725,47.9016,44.5204,3.27M,2.53%
2-Apr-22,45.5294,47.1946,48.3239,45.183,2.77M,-3.53%
1-Apr-22,47.1946,47.487,48.0945,43.6149,4.64M,-0.62%
31-Mar-22,47.487,49.6406,50.8247,46.1663,5.34M,-4.27%
30-Mar-22,49.6052,49.2721,51.5168,48.3458,5.75M,0.68%
29-Mar-22,49.2721,47.1883,52.3851,47.0619,8.49M,4.42%
28-Mar-22,47.1883,48.0735,51.2295,46.5892,5.57M,-1.84%
27-Mar-22,48.0735,47.2208,48.5116,44.8303,3.70M,1.80%
26-Mar-22,47.2233,48.1489,48.7258,46.7963,3.58M,-1.92%
25-Mar-22,48.1489,48.5585,49.8935,45.3506,7.48M,-0.84%
24-Mar-22,48.5577,45.1975,50.4478,42.8004,9.83M,7.43%
23-Mar-22,45.1975,45.9193,48.8288,43.3546,8.51M,-1.58%
22-Mar-22,45.9217,38.4453,46.8379,38.1971,8.79M,19.45%
21-Mar-22,38.4453,38.1862,39.8791,36.2718,7.23M,0.68%
20-Mar-22,38.1863,33.8796,40.8898,32.9305,13.13M,12.71%
19-Mar-22,33.8796,28.05,34.2594,28.0401,5.05M,20.78%
18-Mar-22,28.05,27.1502,28.3001,26.5302,17.67M,3.31%
17-Mar-22,27.1502,27.3711,27.5006,26.7402,15.63M,-0.81%
16-Mar-22,27.3711,25.85,27.5715,25.7099,27.07M,5.88%
15-Mar-22,25.85,25.94,26.26,25.13,13.91M,-0.35%
14-Mar-22,25.94,25.3601,26.0998,25.0498,15.57M,2.29%
13-Mar-22,25.3601,26.2999,26.6501,25.1799,10.69M,-3.57%
12-Mar-22,26.2999,26.4801,27,26.27,13.89M,-0.68%
11-Mar-22,26.4801,26.69,26.98,25.98,22.80M,-0.79%
10-Mar-22,26.69,28.0502,28.5901,26.1699,24.20M,-4.85%
9-Mar-22,28.0502,26.75,28.68,26.52,27.82M,4.86%
8-Mar-22,26.75,26.14,26.94,25.96,23.29M,2.33%
7-Mar-22,26.14,26.5201,27.45,25.26,25.76M,-1.43%
6-Mar-22,26.5201,27.8399,28.07,26.49,16.32M,-4.74%
5-Mar-22,27.8399,27.59,28.0899,26.7,15.03M,0.91%
4-Mar-22,27.5898,30.228,30.8799,27.0062,39.54M,-8.73%
3-Mar-22,30.228,29.5216,31.5704,28.9969,2.33M,2.39%
2-Mar-22,29.5216,30.3386,30.5719,29.0976,1.35M,-2.63%
1-Mar-22,30.3201,30.7103,31.375,29.4578,1.64M,-1.27%
28-Feb-22,30.7103,27.3389,30.716,26.899,1.42M,12.33%
27-Feb-22,27.3389,28.8599,29.23,26.9085,1.44M,-5.27%
26-Feb-22,28.8599,27.9813,29.73,27.8695,1.56M,3.14%
25-Feb-22,27.9813,26.5386,28.4458,25.9286,1.41M,5.44%
24-Feb-22,26.5386,26.5169,27.1643,23.359,3.31M,0.08%
23-Feb-22,26.5169,26.6498,28.1574,26.2589,1.72M,-0.50%
22-Feb-22,26.6498,24.9708,26.8508,24.5218,1.83M,6.61%
21-Feb-22,24.9982,27.251,28.377,24.8197,2.13M,-8.27%
20-Feb-22,27.251,28.6906,28.7368,26.9063,1.33M,-5.08%
19-Feb-22,28.7091,28.9605,29.1812,27.6801,1.09M,-0.87%
18-Feb-22,28.9597,29.4502,30.3997,28.251,1.56M,-1.67%
17-Feb-22,29.4502,32.2392,32.6204,28.9552,1.45M,-8.57%
16-Feb-22,32.2118,33.4791,33.4791,31.5067,1.02M,-3.79%
15-Feb-22,33.4791,31.3995,33.6587,31.1392,1.40M,6.56%
14-Feb-22,31.4186,32.4706,33.2414,30.4112,1.62M,-3.27%
13-Feb-22,32.4797,31.6616,34.0568,31.4979,2.01M,2.60%
12-Feb-22,31.6561,32.6853,33.2513,31.0556,2.03M,-3.07%
11-Feb-22,32.6576,34.3712,37.4989,31.8699,3.96M,-4.99%
10-Feb-22,34.3736,33.7694,36.8036,33.5874,3.51M,1.79%
9-Feb-22,33.7694,32.0089,34.8503,31.289,2.31M,5.51%
8-Feb-22,32.007,32.6203,33.1622,30.435,1.67M,-1.88%
7-Feb-22,32.6203,29.8991,33.1597,29.3389,1.99M,9.10%
6-Feb-22,29.8991,29.4068,30.0918,28.9506,914.72K,1.67%
5-Feb-22,29.4068,29.679,29.9486,28.737,1.28M,-0.96%
4-Feb-22,29.6908,27.8581,29.8129,27.4494,1.78M,6.60%
3-Feb-22,27.8526,26.2989,28.0473,25.6724,1.38M,5.91%
2-Feb-22,26.2989,26.7897,28.4121,26.1968,1.53M,-1.83%
1-Feb-22,26.7897,25.6807,26.9202,25.4199,807.01K,4.32%
31-Jan-22,25.6807,24.9092,25.7194,24.0186,984.46K,3.10%
30-Jan-22,24.9096,25.3276,25.8612,24.5592,738.07K,-1.65%
29-Jan-22,25.3276,25.1704,25.7173,24.9226,726.29K,0.62%
28-Jan-22,25.1704,24.3093,25.221,23.8813,1.01M,3.81%
27-Jan-22,24.2468,24.2802,24.7501,23.3296,1.20M,-0.14%
26-Jan-22,24.2802,24.0295,26.2826,23.6098,1.71M,1.04%
25-Jan-22,24.0295,24.1072,24.2672,23.2384,1.76M,-0.32%
24-Jan-22,24.1072,25.1431,25.1431,21.7043,3.57M,-4.12%
23-Jan-22,25.1431,24.1897,25.2506,23.5588,2.17M,3.94%
22-Jan-22,24.1897,25.9214,26.4292,21.3096,5.12M,-6.68%
21-Jan-22,25.9214,29.3044,29.7006,25.2789,2.95M,-11.57%
20-Jan-22,29.3137,31.2902,32.0096,29.0513,1.41M,-6.32%
19-Jan-22,31.2902,32.6498,34.6601,31.2902,3.14M,-4.39%
18-Jan-22,32.7277,30.982,34.1857,30.7,3.21M,5.63%
17-Jan-22,30.982,32.2806,32.3804,30.4804,568.34K,-4.02%
16-Jan-22,32.2799,32.8499,32.8499,31.9894,403.45K,-1.74%
15-Jan-22,32.8523,31.9691,33.3714,31.8372,923.71K,2.77%
14-Jan-22,31.9681,30.2395,33.4149,30.1076,1.94M,5.73%
13-Jan-22,30.2358,31.1482,31.8995,30.1295,719.65K,-2.93%
12-Jan-22,31.1482,29.66,31.1977,29.541,621.77K,5.02%
11-Jan-22,29.66,28.4896,30.0294,28.3897,887.43K,4.11%
10-Jan-22,28.4896,29.7315,30.0589,27.3084,1.49M,-4.18%
9-Jan-22,29.7315,29.3406,30.2594,29.1629,594.21K,1.33%
8-Jan-22,29.3406,30.4108,31.0396,28.4518,908.54K,-3.52%
7-Jan-22,30.4108,31.6304,31.7502,29.202,1.56M,-3.91%
6-Jan-22,31.6496,31.89,32.1203,30.7188,1.02M,-0.75%
5-Jan-22,31.89,34.1504,34.79,30.4894,1.07M,-6.62%
4-Jan-22,34.1504,34.7191,35.0002,33.8302,579.27K,-1.67%
3-Jan-22,34.7287,35.3972,35.3972,34.1899,568.31K,-1.89%
2-Jan-22,35.3972,34.8877,35.8396,34.3192,412.56K,1.46%
1-Jan-22,34.8877,34.0583,34.8877,34.0583,366.91K,2.44%
31-Dec-21,34.0583,34.5889,35.6481,33.4789,814.32K,-1.53%
30-Dec-21,34.5889,34.1096,35.01,33.5688,632.43K,1.40%
29-Dec-21,34.1096,34.9109,35.4392,33.8095,739.55K,-2.30%
28-Dec-21,34.9109,37.5912,37.61,34.5888,1.08M,-7.13%
27-Dec-21,37.5906,37.93,38.6794,37.5703,566.60K,-0.89%
26-Dec-21,37.9299,38.0761,38.3191,37.0305,585.10K,-0.40%
25-Dec-21,38.0813,37.3931,38.7683,37.18,503.31K,1.86%
24-Dec-21,37.3871,37.5297,38.4059,37.045,869.94K,-0.37%
23-Dec-21,37.5256,35.6867,37.6997,35.1919,939.89K,5.15%
22-Dec-21,35.6867,35.3293,36.5071,35.1795,909.72K,1.01%
21-Dec-21,35.3293,34.5473,35.5196,34.349,562.48K,2.34%
20-Dec-21,34.5212,34.8665,35.4166,33.5215,1.00M,-0.99%
19-Dec-21,34.8665,35.0282,36.2064,34.7518,699.05K,-0.46%
18-Dec-21,35.0282,34.3261,35.4986,33.84,573.54K,2.04%
17-Dec-21,34.3263,35.1551,35.458,33.2922,875.39K,-2.33%
16-Dec-21,35.1462,36.1374,36.7859,35.0585,820.76K,-2.74%
15-Dec-21,36.1374,35.4133,36.6187,33.3389,1.50M,2.04%
14-Dec-21,35.4133,34.2,36.44,33.79,1.78M,3.55%
13-Dec-21,34.2,37.9,38.09,33.61,1.21M,-9.74%
12-Dec-21,37.89,37.91,38.39,36.83,486.68K,-0.05%
11-Dec-21,37.91,36.34,38.27,35.66,1.04M,4.32%
10-Dec-21,36.34,37.5,38.9,36.22,1.42M,-3.09%
9-Dec-21,37.5,40.92,41.32,37.35,1.02M,-8.31%
8-Dec-21,40.9,39.61,41.82,38.91,2.05M,3.26%
7-Dec-21,39.61,39.35,40.43,38.73,1.41M,0.66%
6-Dec-21,39.35,38.79,39.89,35.14,3.15M,1.44%
5-Dec-21,38.79,39.31,40.7,36.91,3.22M,-1.70%
4-Dec-21,39.46,44.87,45,28.52,7.19M,-12.06%
3-Dec-21,44.87,47.03,47.68,43.5,1.24M,-4.59%
2-Dec-21,47.03,47.85,47.85,46.34,860.99K,-1.71%
1-Dec-21,47.85,48.33,49.56,47.08,924.47K,-0.99%
30-Nov-21,48.33,48.22,50.08,46.86,1.31M,0.23%
29-Nov-21,48.22,47.5,48.83,47.06,846.04K,1.52%
28-Nov-21,47.5,46.77,47.53,44.61,871.73K,1.56%
27-Nov-21,46.77,46.53,47.67,46.39,653.72K,0.52%
26-Nov-21,46.53,50.45,50.65,44.7,2.56M,-7.77%
25-Nov-21,50.45,48.25,53.47,47.89,2.35M,4.45%
24-Nov-21,48.3,49.59,49.76,47.22,1.02M,-2.60%
23-Nov-21,49.59,48.6,49.8,47.94,1.05M,2.04%
22-Nov-21,48.6,50.49,50.49,47.76,1.27M,-3.74%
21-Nov-21,50.49,51.02,51.77,49.9,866.08K,-1.04%
20-Nov-21,51.02,50.67,51.33,49.14,906.87K,0.69%
19-Nov-21,50.67,48.54,50.83,47.85,1.22M,4.39%
18-Nov-21,48.54,51.25,51.75,46.82,1.83M,-5.27%
17-Nov-21,51.24,50.82,51.46,49.21,1.22M,0.83%
16-Nov-21,50.82,54.8,54.8,47.56,3.75M,-7.26%
15-Nov-21,54.8,56.13,56.69,54.3,954.89K,-2.37%
14-Nov-21,56.13,56.29,56.87,54.78,771.78K,-0.28%
13-Nov-21,56.29,55.49,56.6,54.83,1.17M,1.44%
12-Nov-21,55.49,56.73,57.64,53.75,1.88M,-2.19%
11-Nov-21,56.73,56.76,58.01,55.35,1.85M,0.11%
10-Nov-21,56.67,60.83,64.24,52.69,6.76M,-6.84%
9-Nov-21,60.83,56.59,64.86,55.8,9.10M,7.49%
8-Nov-21,56.59,53.94,56.59,53.79,1.69M,4.91%
7-Nov-21,53.94,52.88,54.46,52.54,798.01K,2.10%
6-Nov-21,52.83,53.2669,53.3989,50.94,735.18K,-0.83%
5-Nov-21,53.2701,53.5963,53.8844,53.1705,4.17M,-0.61%
4-Nov-21,53.5963,55.6054,56.0176,52.7757,6.90M,-3.61%
3-Nov-21,55.6054,55.1875,56.845,53.4518,8.48M,0.75%
2-Nov-21,55.1896,53.7769,55.587,53.4516,6.96M,2.63%
1-Nov-21,53.7769,54.3034,54.9808,52.4488,7.75M,-0.97%
31-Oct-21,54.3026,52.6755,58.5193,52.4321,10.49M,3.23%
30-Oct-21,52.6024,53.6002,53.7734,51.7927,7.36M,-1.81%
29-Oct-21,53.5719,52.1614,53.8615,51.8943,7.36M,2.70%
28-Oct-21,52.1614,48.7938,52.4942,48.5041,8.37M,6.90%
27-Oct-21,48.7942,54.2125,55.2501,43.1757,11.61M,-9.95%
26-Oct-21,54.1872,55.3978,56.1359,53.6827,12.90M,-2.18%
25-Oct-21,55.3971,54.9525,56.2646,54.7003,13.92M,0.81%
24-Oct-21,54.9525,55.8525,56.026,53.5896,13.16M,-1.62%
23-Oct-21,55.8566,54.5405,56.0653,53.9056,13.13M,2.40%
22-Oct-21,54.5487,55.3445,56.9797,53.6697,13.40M,-1.41%
21-Oct-21,55.3304,55.5611,59.967,55.3298,14.75M,-0.40%
20-Oct-21,55.5516,52.8756,55.7506,52.2932,13.90M,5.06%
19-Oct-21,52.8736,52.4511,53.4377,51.918,12.95M,0.81%
18-Oct-21,52.4511,53.0733,53.7769,51.8436,12.60M,-1.17%
17-Oct-21,53.073,54.0556,54.6431,50.6555,13.25M,-1.80%
16-Oct-21,54.0465,54.3275,55.3625,53.5637,13.28M,-0.51%
15-Oct-21,54.3247,54.5005,56.8469,52.5352,14.50M,-0.32%
14-Oct-21,54.5005,53.3756,54.9175,53.0321,13.36M,2.13%
13-Oct-21,53.362,52.7297,53.5612,51.3714,13.26M,1.20%
12-Oct-21,52.7268,53.9357,53.9358,50.8708,12.41M,-2.24%
11-Oct-21,53.9357,52.8747,55.2983,52.1553,13.50M,2.00%
10-Oct-21,52.88,55.6059,56.0731,52.6322,13.38M,-4.88%
9-Oct-21,55.592,53.579,57.3233,53.2458,14.81M,3.78%
8-Oct-21,53.5676,54.2671,55.0846,53.1382,13.83M,-1.29%
7-Oct-21,54.2671,54.8563,55.7483,53.1628,14.41M,-1.07%
6-Oct-21,54.8563,54.3536,55.9609,51.1338,13.84M,0.91%
5-Oct-21,54.3634,52.5544,54.8048,52.2955,14.18M,3.44%
4-Oct-21,52.5544,53.6807,53.7697,50.5681,13.28M,-2.08%
3-Oct-21,53.6714,53.2567,54.855,51.9444,14.30M,0.81%
2-Oct-21,53.2401,51.898,54.9254,51.1971,14.56M,2.59%
1-Oct-21,51.8966,47.0282,52.4548,46.6433,13.44M,10.36%
30-Sep-21,47.0265,45.5297,47.2696,45.2897,12.87M,3.28%
29-Sep-21,45.5331,44.9988,46.8409,44.6129,19.32M,1.19%
28-Sep-21,44.9988,45.378,48.6797,44.8162,20.42M,-0.85%
27-Sep-21,45.3844,47.2072,48.4061,45.3267,19.42M,-3.79%
26-Sep-21,47.1699,47.335,48.2243,44.0373,1.61M,-0.40%
25-Sep-21,47.3588,47.6558,49.4591,46.1704,20.80M,-0.64%
24-Sep-21,47.6649,51.3334,51.8624,44.1636,22.89M,-7.15%
23-Sep-21,51.3351,51.2117,51.5274,49.4567,21.11M,0.24%
22-Sep-21,51.2125,45.711,51.2982,44.9201,21.55M,12.04%
21-Sep-21,45.7087,48.9777,50.4608,44.7233,23.33M,-6.65%
20-Sep-21,48.9669,55.3309,55.4082,47.3098,23.49M,-11.49%
19-Sep-21,55.3205,57.1919,57.2443,54.7979,22.00M,-3.31%
18-Sep-21,57.2119,56.7002,58.4016,55.7296,23.90M,0.95%
17-Sep-21,56.6742,58.008,59.0125,56.039,25.41M,-2.30%
16-Sep-21,58.0079,59.1811,60.0855,56.8041,26.61M,-1.93%
15-Sep-21,59.15,57.1532,59.3532,56.2511,25.30M,3.64%
14-Sep-21,57.0751,55.7306,57.2881,55.271,23.47M,2.41%
13-Sep-21,55.7311,58.13,58.3489,53.529,25.43M,-4.13%
12-Sep-21,58.1309,57.0724,58.9468,56.08,24.10M,1.88%
11-Sep-21,57.0559,56.2731,58.2948,55.5658,25.90M,1.38%
10-Sep-21,56.2818,58.8651,60.3789,54.9592,26.57M,-4.36%
9-Sep-21,58.8445,58.5874,60.3367,57.4583,28.67M,0.50%
8-Sep-21,58.5543,59.2259,61.3437,53.3755,40.42M,-1.12%
7-Sep-21,59.2165,73.4955,73.8424,48.0026,46.54M,-19.43%
6-Sep-21,73.494,73.5466,77.2173,71.257,40.64M,-0.08%
5-Sep-21,73.556,68.8482,73.9518,68.1257,37.65M,6.88%
4-Sep-21,68.8183,70.0117,71.1929,68.0798,35.22M,-1.70%
3-Sep-21,70.0109,67.616,72.3586,66.099,37.49M,3.51%
2-Sep-21,67.6338,68.8091,70.1748,66.4636,34.43M,-1.71%
1-Sep-21,68.8081,63.8206,69.0004,62.1873,35.25M,7.74%
31-Aug-21,63.8674,61.8415,64.9816,60.7545,33.91M,3.31%
30-Aug-21,61.8187,63.2497,64.9502,61.0887,31.67M,-2.21%
29-Aug-21,63.2146,64.1729,65.7154,62.8109,33.03M,-1.50%
28-Aug-21,64.1793,64.0815,66.4802,62.8139,33.28M,0.12%
27-Aug-21,64.1054,59.7564,64.1905,58.66,30.56M,7.28%
26-Aug-21,59.757,63.7664,64.3741,58.8239,32.40M,-6.30%
25-Aug-21,63.7728,62.8965,64.8053,60.9321,33.77M,1.39%
24-Aug-21,62.9,68.2772,68.6288,60.986,33.96M,-7.87%
23-Aug-21,68.2754,67.3792,69.5273,66.8027,34.27M,1.34%
22-Aug-21,67.3749,67.5,68.6157,64.7833,34.33M,-0.19%
21-Aug-21,67.5008,70.2097,70.3395,66.8806,35.18M,-3.79%
20-Aug-21,70.1575,67.0742,70.3926,66.1651,35.69M,4.56%
19-Aug-21,67.0969,63.9281,67.0994,60.7054,37.22M,4.92%
18-Aug-21,63.9532,62.9169,66.1397,59.9516,42.02M,1.65%
17-Aug-21,62.9153,69.2207,71.6902,61.1576,39.19M,-9.11%
16-Aug-21,69.2214,74.9165,75.6662,65.5046,42.96M,-7.64%
15-Aug-21,74.9455,67.3277,77.064,67.0998,51.67M,11.32%
14-Aug-21,67.3228,64.2893,67.541,61.9363,37.81M,4.72%
13-Aug-21,64.2914,60.0438,64.4255,59.3862,34.82M,7.15%
12-Aug-21,59.9992,60.7662,65.8139,57.5938,34.57M,-1.34%
11-Aug-21,60.8118,58.8752,63.9068,58.6338,34.85M,3.27%
10-Aug-21,58.8846,59.0631,60.3363,57.0217,31.39M,-0.32%
9-Aug-21,59.0764,57.0857,60.3702,55.03,33.23M,3.46%
8-Aug-21,57.0989,60.6271,63.196,55.9169,37.39M,-5.84%
7-Aug-21,60.6387,53.1228,61.0826,52.6822,35.09M,14.26%
6-Aug-21,53.0701,52.4921,53.7047,51.3144,27.04M,1.12%
5-Aug-21,52.4817,51.6027,53.5526,48.8966,28.72M,1.70%
4-Aug-21,51.6037,49.4714,52.2549,48.5721,25.94M,4.34%
3-Aug-21,49.4549,51.3482,52.2407,48.5655,26.26M,-3.66%
2-Aug-21,51.3352,50.3191,52.3111,49.3628,28.58M,2.02%
1-Aug-21,50.3207,51.2642,54.0442,49.4548,29.53M,-1.84%
31-Jul-21,51.2645,51.0011,52.3816,49.7058,26.57M,0.38%
30-Jul-21,51.0718,49.423,51.4912,47.3036,388.25K,3.45%
29-Jul-21,49.3688,49.2029,50.0517,48.327,1.23M,0.36%
28-Jul-21,49.1926,49.5674,51.0379,47.9975,28.35M,-0.76%
27-Jul-21,49.5681,48.4284,50.3703,46.2426,29.28M,2.34%
26-Jul-21,48.4332,48.4406,55.8165,47.6572,35.75M,-0.03%
25-Jul-21,48.4475,48.091,48.8933,45.9038,28.40M,6.01%
24-Jul-21,45.7024,45.7494,46.2587,45.0004,24.03M,-0.10%
23-Jul-21,45.7479,43.3953,46.7054,43.0726,26.88M,5.41%
22-Jul-21,43.4012,42.9063,44.1189,41.9208,25.12M,1.22%
21-Jul-21,42.8799,39.2961,43.7692,38.6214,25.53M,9.13%
20-Jul-21,39.2922,41.5555,42.0686,37.8351,22.96M,-5.44%
19-Jul-21,41.5533,41.8882,43.8724,40.6133,24.99M,-0.79%
18-Jul-21,41.8827,41.4506,43.2759,41.0145,22.35M,1.13%
17-Jul-21,41.4152,41.1563,43.2897,40.2597,23.19M,0.63%
16-Jul-21,41.1557,43.2252,43.8507,40.6187,24.04M,-4.78%
15-Jul-21,43.2196,45.615,47.0537,42.307,24.81M,-5.25%
14-Jul-21,45.6149,45.5566,47.7299,42.5411,26.81M,0.10%
13-Jul-21,45.5675,47.7249,48.2087,45.1473,24.32M,-4.52%
12-Jul-21,47.7245,49.7057,50.6103,46.699,25.61M,-3.95%
11-Jul-21,49.6884,49.1271,50.5079,48.2649,24.77M,1.15%
10-Jul-21,49.1258,50.0738,51.3312,48.186,26.95M,-1.89%
9-Jul-21,50.0731,49.1999,51.3045,48.5103,26.79M,1.77%
8-Jul-21,49.1999,52.8267,52.9295,48.6207,23.61M,-6.85%
7-Jul-21,52.8178,54.6937,55.4996,52.663,23.80M,-3.43%
6-Jul-21,54.692,53.6867,56.8179,53.5417,24.46M,1.98%
5-Jul-21,53.6306,56.3542,56.911,52.91,25.06M,-4.84%
4-Jul-21,56.3607,57.2412,58.89,56.12,27.61M,-1.54%
3-Jul-21,57.2412,53.7375,58.4201,52.4529,27.46M,6.50%
2-Jul-21,53.7461,53.1414,55.1315,50.7994,27.06M,1.15%
1-Jul-21,53.1337,57.5411,58.2616,52.4066,22.62M,-7.62%
30-Jun-21,57.5143,56.3138,62.3675,51.8284,45.70M,2.13%
29-Jun-21,56.3138,43.3521,58.5553,43.1681,31.54M,29.98%
28-Jun-21,43.325,42.3187,44.5044,41.0986,20.45M,2.47%
27-Jun-21,42.2821,40.5122,42.4637,39.3882,18.63M,4.38%
26-Jun-21,40.5082,39.4154,40.9193,37.5647,19.65M,2.73%
25-Jun-21,39.4328,43.1115,45.3277,38.9797,24.52M,-8.52%
24-Jun-21,43.1038,40.7679,43.5199,38.757,23.14M,5.67%
23-Jun-21,40.7898,36.54,42.8284,34.6997,25.28M,11.70%
22-Jun-21,36.5187,39.5258,42.6476,32.2691,27.52M,-7.62%
21-Jun-21,39.5292,50.9585,51.4131,38.5687,26.51M,-22.48%
20-Jun-21,50.9923,50.9326,51.4967,47.0007,21.21M,0.16%
19-Jun-21,50.9095,52.5732,53.233,50.8732,20.69M,-3.07%
18-Jun-21,52.5194,55.5572,55.5618,50.581,21.93M,-5.48%
17-Jun-21,55.5663,55.3529,57.2465,54.3289,21.88M,0.38%
16-Jun-21,55.3585,58.1663,58.3123,54.8953,22.95M,-4.86%
15-Jun-21,58.1887,59.2584,60.1731,57.3573,25.00M,-1.80%
14-Jun-21,59.2574,59.2131,60.4187,56.435,25.49M,0.12%
13-Jun-21,59.184,55.2115,60.6222,53.7796,25.64M,7.23%
12-Jun-21,55.1917,56.9248,57.0143,53.142,26.19M,-3.05%
11-Jun-21,56.9305,57.9005,60.7142,56.1139,28.48M,-1.68%
10-Jun-21,57.9004,62.2749,63.346,57.1304,39.75M,-6.98%
9-Jun-21,62.2445,56.705,62.5487,53.5506,54.51M,9.77%
8-Jun-21,56.7068,58.0392,59.1164,49.6996,52.58M,-2.19%
7-Jun-21,57.9774,64.0481,65.1304,57.3886,49.11M,-9.46%
6-Jun-21,64.0355,63.1042,65.6032,62.7556,48.14M,1.46%
5-Jun-21,63.1124,64.7559,67.3849,61.703,52.56M,-2.53%
4-Jun-21,64.7535,69.8705,69.9084,61.4907,54.62M,-7.29%
3-Jun-21,69.8471,68.385,72.605,67.1795,52.00M,2.15%
2-Jun-21,68.3801,67.7817,70.2483,65.8336,51.72M,0.88%
1-Jun-21,67.782,70.097,71.7846,65.7552,53.77M,-3.37%
31-May-21,70.1495,66.0566,70.6039,61.9379,55.59M,5.96%
30-May-21,66.201,64.3093,68.2254,59.88,56.52M,2.99%
29-May-21,64.2769,68.1937,70.8663,61.0124,61.36M,-5.79%
28-May-21,68.2287,74.6338,79.3402,63.657,76.97M,-8.40%
27-May-21,74.4887,79.8279,79.8505,71.1911,72.08M,-6.65%
26-May-21,79.7978,78.3382,83.1994,74.0249,76.84M,1.80%
25-May-21,78.3835,73.4944,82.9155,70.1271,93.43M,6.64%
24-May-21,73.5054,51.5416,74.7373,48.911,74.95M,42.64%
23-May-21,51.5337,58.532,62.5506,40.006,88.25M,-11.92%
22-May-21,58.5067,64.1978,64.7593,54.2814,372.14M,-8.96%
21-May-21,64.2677,73.7796,78.106,54.6682,700.66M,-12.94%
20-May-21,73.8199,59.3726,79.0219,54.5274,762.95M,23.71%
19-May-21,59.6707,88.6051,90.2152,39.8758,832.61M,-32.68%
18-May-21,88.6406,89.5877,95.5691,86.0009,761.92M,-1.22%
17-May-21,89.7338,93.7068,94.3161,80.4819,859.67M,-4.36%
16-May-21,93.829,94.9685,103.2633,87.0287,859.25M,-1.23%
15-May-21,94.9933,103.3899,114.6325,94.7659,1.04B,-8.04%
14-May-21,103.2998,88.2417,109.4408,86.5548,1.03B,17.07%
13-May-21,88.2403,84.9866,94.8217,76.9054,982.53M,4.94%
12-May-21,84.0866,111.169,114.1692,81.8903,1.09B,-24.32%
11-May-21,111.1127,105.0895,117.6309,102.2644,1.24B,5.76%
10-May-21,105.0571,117.9117,129.5448,91.3245,1.26B,-10.90%
9-May-21,117.9116,127.3868,129.6396,113.1061,1.20B,-7.43%
8-May-21,127.38,119.6205,134.313,110.3032,1.15B,6.57%
7-May-21,119.5318,133.8445,148.6524,108.6036,1.43B,-10.69%
6-May-21,133.8455,94.1013,177.0757,87.4623,1.49B,42.24%
5-May-21,94.1017,71.0335,99.5209,71.0335,865.45M,35.07%
4-May-21,69.6714,52.0681,71.4893,49.2236,615.10M,33.81%
3-May-21,52.0689,44.8908,52.3503,44.2694,424.44M,16.01%
2-May-21,44.8828,44.7439,46.6133,42.0257,390.23M,0.43%
1-May-21,44.6899,36.3485,46.5065,36.246,343.76M,22.95%
30-Apr-21,36.3485,34.5088,36.7474,33.7592,262.89M,5.33%
29-Apr-21,34.5089,35.0792,35.3485,33.6272,262.87M,-1.66%
28-Apr-21,35.0916,33.8116,36.3571,32.3113,293.29M,3.82%
27-Apr-21,33.8,32.8099,34.3606,31.9413,283.14M,2.87%
26-Apr-21,32.8585,29.2812,32.9112,28.9495,311.59M,12.44%
25-Apr-21,29.223,29.6555,31.8273,27.8556,275.49M,-1.53%
24-Apr-21,29.6785,32.5645,32.8469,29.3193,300.77M,-8.86%
23-Apr-21,32.5651,33.5833,34.5012,25.1224,349.73M,-3.03%
22-Apr-21,33.5838,31.9666,39.4982,31.578,379.50M,5.02%
21-Apr-21,31.9787,33.7748,35.5026,31.6304,303.26M,-5.37%
20-Apr-21,33.7925,33.4438,35.2618,30.0577,309.21M,1.04%
19-Apr-21,33.4453,37.1051,38.329,32.1901,321.22M,-9.95%
18-Apr-21,37.139,37.7159,39.1133,31.2875,425.48M,-1.98%
17-Apr-21,37.891,38.3103,49.6314,37.3025,482.59M,-1.11%
16-Apr-21,38.3147,28.5805,45.4272,28.5805,326.10M,34.06%
15-Apr-21,28.5804,21.9017,29.7795,21.459,198.47M,30.50%
14-Apr-21,21.9005,21.2169,22.6945,20.1505,167.60M,3.18%
13-Apr-21,21.2249,19.5325,22.0162,19.4223,161.39M,8.60%
12-Apr-21,19.5433,20.3683,20.5641,18.9901,153.87M,-4.13%
11-Apr-21,20.3856,20.4444,21.5128,19.8413,160.58M,-0.29%
10-Apr-21,20.445,18.7756,21.2129,18.3207,156.16M,8.96%
9-Apr-21,18.7646,19.6048,20.0969,18.5705,150.50M,-4.28%
8-Apr-21,19.6044,19.1577,19.8366,18.0078,149.75M,2.48%
7-Apr-21,19.1301,17.7649,20.7839,16.9903,156.88M,7.92%
6-Apr-21,17.726,16.0881,18.5929,15.973,143.52M,10.18%
5-Apr-21,16.088,14.5478,16.1007,14.3202,126.16M,10.59%
4-Apr-21,14.5478,13.5698,14.5727,13.3588,114.16M,7.21%
3-Apr-21,13.5699,15.2506,15.3411,13.5134,118.73M,-11.05%
2-Apr-21,15.2565,14.317,15.6205,14.1048,117.84M,6.49%
1-Apr-21,14.327,14.1109,14.4873,13.5713,113.54M,1.65%
31-Mar-21,14.0939,13.0222,14.3485,12.6143,107.08M,8.18%
30-Mar-21,13.0279,12.6398,13.0548,12.3487,94.11M,3.04%
29-Mar-21,12.6437,11.8668,12.7532,11.7319,94.11M,6.55%
28-Mar-21,11.8668,11.7887,12.0548,11.7127,89.11M,0.67%
27-Mar-21,11.7884,11.7547,11.9733,11.4362,88.73M,0.28%
26-Mar-21,11.7553,11.0835,11.7582,11.0762,88.23M,6.10%
25-Mar-21,11.0794,11.2983,11.4618,10.7661,91.35M,-1.95%
24-Mar-21,11.2992,12.2359,12.6239,11.0964,97.40M,-7.62%
23-Mar-21,12.2312,11.6571,12.6649,11.6136,105.65M,4.93%
22-Mar-21,11.6568,11.981,12.3902,11.58,96.07M,-2.73%
21-Mar-21,11.9835,12.3113,12.4588,11.9319,89.77M,-2.67%
20-Mar-21,12.3122,12.2613,12.8669,12.2192,90.44M,0.40%
19-Mar-21,12.2628,12.1638,12.4299,11.9214,92.02M,0.83%
18-Mar-21,12.1625,12.5765,12.6642,12.1064,97.13M,-3.32%
17-Mar-21,12.5801,12.4208,12.583,11.7654,96.28M,1.23%
16-Mar-21,12.4269,12.1347,12.5587,11.5511,96.55M,2.49%
15-Mar-21,12.125,12.7118,13.0964,11.7863,98.68M,-4.64%
14-Mar-21,12.7149,13.7699,14.1147,12.7149,104.84M,-7.70%
13-Mar-21,13.7752,11.9419,14.2975,11.5543,102.67M,15.42%
12-Mar-21,11.9352,12.258,12.5377,11.4519,104.49M,-2.63%
11-Mar-21,12.2575,11.9603,12.5951,11.6892,121.40M,2.41%
10-Mar-21,11.9692,12.3924,12.7436,11.6377,115.64M,-3.46%
9-Mar-21,12.3982,11.6923,12.6572,11.5199,115.48M,6.05%
8-Mar-21,11.6905,11.5484,11.9778,11.0336,107.57M,1.27%
7-Mar-21,11.5435,11.1076,11.783,11.1076,101.46M,3.90%
6-Mar-21,11.1102,10.9334,11.2449,10.6378,100.20M,1.61%
5-Mar-21,10.9337,11.0006,11.09,10.3403,106.00M,-0.58%
4-Mar-21,10.9975,11.248,11.7096,10.6975,123.53M,-2.25%
3-Mar-21,11.2512,10.9053,11.7311,10.8129,110.43M,3.12%
2-Mar-21,10.9106,11.0943,11.4998,10.5719,117.18M,-1.62%
1-Mar-21,11.0907,10.3744,11.1684,10.1828,104.42M,6.97%
28-Feb-21,10.3684,11.0984,11.1269,9.7123,116.19M,-6.59%
27-Feb-21,11.1,10.7218,11.4978,10.7095,115.83M,3.53%
26-Feb-21,10.722,11.0258,11.2955,10.0691,166.20M,-2.90%
25-Feb-21,11.0426,11.8763,12.1815,10.9296,151.18M,-7.06%
24-Feb-21,11.8813,11.3872,12.483,10.8611,171.79M,4.34%
23-Feb-21,11.3871,13.9296,13.9998,9.2485,255.24M,-18.23%
22-Feb-21,13.9262,15.6631,15.7131,11.3655,193.25M,-11.08%
21-Feb-21,15.6619,15.0939,16.3597,14.8167,150.15M,3.77%
20-Feb-21,15.0931,15.4013,17.4881,14.3467,208.98M,-2.05%
19-Feb-21,15.4089,14.9565,15.8784,14.2623,136.34M,3.04%
18-Feb-21,14.9544,15.3195,15.7795,14.6279,155.98M,-2.34%
17-Feb-21,15.3127,14.4091,15.7841,13.6794,176.85M,6.22%
16-Feb-21,14.4158,14.6697,15.5108,13.7159,188.89M,-1.74%
15-Feb-21,14.6712,16.0866,16.5908,13.0234,235.11M,-8.80%
14-Feb-21,16.0866,16.6213,17.6341,15.5565,256.35M,-3.22%
13-Feb-21,16.6217,11.9223,17.9601,11.72,184.97M,39.48%
12-Feb-21,11.917,11.7153,12.3035,11.1108,124.93M,1.76%
11-Feb-21,11.7109,10.3736,11.7731,10.3224,136.65M,12.81%
10-Feb-21,10.3811,9.5774,11.4584,9.5774,146.23M,8.45%
9-Feb-21,9.5724,8.6917,9.9995,8.6372,106.74M,10.13%
8-Feb-21,8.6917,8.2788,8.7674,8.1177,81.69M,5.00%
7-Feb-21,8.2779,8.7711,8.8688,7.8521,92.68M,-5.60%
6-Feb-21,8.769,8.5193,9.1004,8.2132,97.29M,2.84%
5-Feb-21,8.5268,7.6842,8.8917,7.6622,88.43M,10.97%
4-Feb-21,7.6842,7.9389,8.093,7.5912,71.46M,-3.18%
3-Feb-21,7.9367,7.7859,7.9367,7.6497,68.60M,1.98%
2-Feb-21,7.7827,7.5274,7.9274,7.4565,70.42M,3.39%
1-Feb-21,7.5279,7.4145,7.6614,7.2515,73.48M,1.54%
31-Jan-21,7.4136,7.5835,7.7097,7.1982,73.00M,-2.22%
30-Jan-21,7.5821,7.6079,7.8206,7.3168,75.57M,-0.41%
29-Jan-21,7.6133,7.6517,8.0456,7.3922,86.12M,-0.46%
28-Jan-21,7.6486,6.8707,8.4856,6.7653,83.78M,11.23%
27-Jan-21,6.8767,7.4313,7.4388,6.6465,75.29M,-7.46%
26-Jan-21,7.4313,7.5019,7.6062,7.0835,71.98M,-0.90%
25-Jan-21,7.4985,7.6279,7.9739,7.3754,80.55M,-1.69%
24-Jan-21,7.6274,7.4466,7.8133,7.3799,74.78M,2.43%
23-Jan-21,7.4463,7.4283,7.5929,7.2244,83.00M,0.10%
22-Jan-21,7.4389,7.1297,7.5104,6.6707,138.62M,4.39%
21-Jan-21,7.1263,7.9038,8.1897,7.019,159.30M,-9.83%
20-Jan-21,7.9032,7.8155,8.0441,7.4023,150.57M,1.15%
19-Jan-21,7.8135,7.705,8.4999,7.6617,157.46M,1.43%
18-Jan-21,7.7035,7.6915,7.8803,7.4261,132.88M,0.21%
17-Jan-21,7.6872,7.7778,7.9555,7.3442,147.82M,-1.16%
16-Jan-21,7.7773,7.5656,8.1743,7.3971,152.99M,2.81%
15-Jan-21,7.5651,7.7925,8.0384,7.1393,165.71M,-2.84%
14-Jan-21,7.7863,7.5942,8.1302,7.3611,155.89M,2.52%
13-Jan-21,7.5952,7.0511,7.6642,6.8578,148.35M,7.71%
12-Jan-21,7.0515,7.2241,7.6684,6.8314,167.95M,-2.40%
11-Jan-21,7.2248,8.8254,8.86,6.2812,245.34M,-18.24%
10-Jan-21,8.8371,7.7568,9.4696,7.7568,158.36M,13.87%
9-Jan-21,7.761,6.9533,8.0809,6.7173,130.65M,11.65%
8-Jan-21,6.9509,7.2069,7.3101,6.6596,115.09M,-3.55%
7-Jan-21,7.2067,7.5754,7.7447,7.0069,123.54M,-4.83%
6-Jan-21,7.5725,7.2726,7.7567,6.9802,125.51M,4.19%
5-Jan-21,7.2677,7.0376,7.402,6.6942,155.60M,3.08%
4-Jan-21,7.0508,6.5812,7.6126,6.23,175.79M,7.23%
3-Jan-21,6.5754,5.7735,6.6882,5.7625,97.79M,13.86%
2-Jan-21,5.7752,5.6908,5.9556,5.5726,71.80M,1.46%
1-Jan-21,5.6921,5.6563,5.8561,5.5958,90.96M,0.63%
31-Dec-20,5.6563,5.6788,5.8007,5.555,94.04M,-0.33%
30-Dec-20,5.6751,5.717,5.8029,5.5959,88.99M,-0.73%
29-Dec-20,5.7169,5.9192,6.023,5.4553,108.89M,-3.41%
28-Dec-20,5.9188,5.8159,6.179,5.763,79.01M,1.87%
27-Dec-20,5.8101,5.8418,6.2351,5.5021,81.10M,-0.54%
26-Dec-20,5.8417,5.7623,5.8947,5.5612,66.34M,1.40%
25-Dec-20,5.7609,5.6001,5.8801,5.4804,96.86M,2.85%
24-Dec-20,5.6013,5.0966,5.6373,5.0156,98.90M,9.78%
23-Dec-20,5.1023,6.1219,6.1622,4.7254,103.86M,-16.73%
22-Dec-20,6.1275,6.1096,6.1962,5.7535,115.46M,0.27%
21-Dec-20,6.1109,6.494,6.9841,6.0601,131.27M,-5.88%
20-Dec-20,6.4925,6.4188,6.8419,6.2541,117.00M,1.16%
19-Dec-20,6.4182,6.3922,6.5456,6.363,101.77M,0.40%
18-Dec-20,6.3924,6.4835,6.6292,6.2845,108.06M,-1.45%
17-Dec-20,6.4863,6.4698,6.837,6.3173,127.80M,0.25%
16-Dec-20,6.4705,6.054,6.4705,5.9473,95.73M,6.93%
15-Dec-20,6.0512,6.0386,6.1188,5.9446,89.22M,0.22%
14-Dec-20,6.0379,6.1187,6.139,5.9411,90.62M,-1.35%
13-Dec-20,6.1203,5.9711,6.2658,5.9139,91.06M,2.55%
12-Dec-20,5.9683,5.7942,6.0475,5.7892,89.27M,3.03%
11-Dec-20,5.7929,5.8981,5.9743,5.7098,100.13M,-1.69%
10-Dec-20,5.8924,6.0672,6.1131,5.7997,93.12M,-2.95%
9-Dec-20,6.0714,5.7765,6.2104,5.6123,107.13M,5.13%
8-Dec-20,5.7751,6.1526,6.1587,5.6917,93.07M,-6.12%
7-Dec-20,6.1513,6.1746,6.2128,6.0727,92.44M,-0.35%
6-Dec-20,6.173,6.1987,6.2563,6.0215,95.78M,-0.43%
5-Dec-20,6.1996,5.9516,6.204,5.9035,98.65M,4.07%
4-Dec-20,5.9574,6.579,6.5802,5.8922,109.82M,-9.46%
3-Dec-20,6.5798,6.2422,6.6052,6.1782,100.59M,5.39%
2-Dec-20,6.2432,6.1609,6.3796,6.0521,114.17M,1.33%
1-Dec-20,6.161,6.7328,6.9822,6.03,131.48M,-8.52%
30-Nov-20,6.7349,6.3997,6.7943,6.3046,109.23M,5.40%
